{"cameraMode":{"drawMode":0,"name":"Shaded","section":"Shading Mode"},"sceneLighting":true,"audioPlay":false,"sceneViewState":{"showFog":true,"showMaterialUpdate":false,"showSkybox":true,"showFlares":true,"showImageEffects":true,"showParticleSystems":true},"in2DMode":false,"pivot":{"x":7.388699531555176,"y":171.7466583251953,"z":-18.491928100585939},"rotation":{"x":0.01377932634204626,"y":0.9825708270072937,"z":-0.16664257645606996,"w":0.08124591410160065},"size":167.9840545654297,"orthographic":false}