{"cameraMode":{"drawMode":0,"name":"Shaded","section":"Shading Mode"},"sceneLighting":true,"audioPlay":false,"sceneViewState":{"showFog":true,"showMaterialUpdate":false,"showSkybox":true,"showFlares":true,"showImageEffects":true,"showParticleSystems":true},"in2DMode":false,"pivot":{"x":-16.020780563354493,"y":20.518186569213868,"z":4.293238639831543},"rotation":{"x":0.03190239146351814,"y":0.9662100076675415,"z":-0.20897291600704194,"w":0.1475106179714203},"size":0.43325483798980715,"orthographic":false}