{"cameraMode":{"drawMode":0,"name":"Shaded","section":"Shading Mode"},"sceneLighting":false,"audioPlay":false,"sceneViewState":{"showFog":true,"showMaterialUpdate":false,"showSkybox":false,"showFlares":true,"showImageEffects":true,"showParticleSystems":true},"in2DMode":false,"pivot":{"x":0.30832529067993166,"y":0.13162219524383546,"z":-0.5883296728134155},"rotation":{"x":0.1114286407828331,"y":0.8530619740486145,"z":-0.20334139466285706,"w":0.4674666225910187},"size":1.6784098148345948,"orthographic":false}