{"cameraMode":{"drawMode":0,"name":"Shaded","section":"Shading Mode"},"sceneLighting":true,"audioPlay":false,"sceneViewState":{"showFog":true,"showMaterialUpdate":false,"showSkybox":true,"showFlares":true,"showImageEffects":true,"showParticleSystems":true},"in2DMode":false,"pivot":{"x":-8.200419425964356,"y":4.070150375366211,"z":-18.959321975708009},"rotation":{"x":0.012369751930236817,"y":0.9787315130233765,"z":-0.19514991343021394,"w":0.06203750520944595},"size":13.845246315002442,"orthographic":false}