{"cameraMode":{"drawMode":0,"name":"Shaded","section":"Shading Mode"},"sceneLighting":true,"audioPlay":false,"sceneViewState":{"showFog":true,"showMaterialUpdate":false,"showSkybox":true,"showFlares":true,"showImageEffects":true,"showParticleSystems":true},"in2DMode":false,"pivot":{"x":-21.90047264099121,"y":4.712857246398926,"z":-35.828800201416019},"rotation":{"x":-0.0209514033049345,"y":0.9772700071334839,"z":-0.11635240167379379,"w":-0.17602068185806275},"size":18.508546829223634,"orthographic":false}