{"cameraMode":{"drawMode":0,"name":"Shaded","section":"Shading Mode"},"sceneLighting":false,"audioPlay":false,"sceneViewState":{"showFog":true,"showMaterialUpdate":false,"showSkybox":false,"showFlares":true,"showImageEffects":true,"showParticleSystems":true},"in2DMode":false,"pivot":{"x":-0.004013396799564362,"y":0.008912883698940277,"z":0.02346038818359375},"rotation":{"x":0.1587660163640976,"y":0.6337983012199402,"z":-0.13508908450603486,"w":0.7448807954788208},"size":0.3736264407634735,"orthographic":false}