{"cameraMode":{"drawMode":0,"name":"Shaded","section":"Shading Mode"},"sceneLighting":false,"audioPlay":false,"sceneViewState":{"showFog":true,"showMaterialUpdate":false,"showSkybox":false,"showFlares":true,"showImageEffects":true,"showParticleSystems":true},"in2DMode":false,"pivot":{"x":0.0,"y":0.00811711698770523,"z":1.3969838619232178e-8},"rotation":{"x":0.12657763063907624,"y":0.8529312610626221,"z":-0.24295713007450105,"w":0.4443665146827698},"size":0.04709219932556152,"orthographic":false}