{"cameraMode":{"drawMode":0,"name":"Shaded","section":"Shading Mode"},"sceneLighting":false,"audioPlay":false,"sceneViewState":{"showFog":true,"showMaterialUpdate":false,"showSkybox":false,"showFlares":true,"showImageEffects":true,"showParticleSystems":true},"in2DMode":false,"pivot":{"x":1.042776346206665,"y":-0.6713811159133911,"z":-0.17243430018424989},"rotation":{"x":0.1394176334142685,"y":0.696610152721405,"z":-0.1408470720052719,"w":0.6895377039909363},"size":1.2266786098480225,"orthographic":false}