{"cameraMode":{"drawMode":0,"name":"Shaded","section":"Shading Mode"},"sceneLighting":false,"audioPlay":false,"sceneViewState":{"showFog":true,"showMaterialUpdate":false,"showSkybox":false,"showFlares":true,"showImageEffects":true,"showParticleSystems":true},"in2DMode":false,"pivot":{"x":-13.000006675720215,"y":24.735645294189454,"z":-24.997089385986329},"rotation":{"x":0.2830190062522888,"y":0.5814043879508972,"z":-0.22584004700183869,"w":0.728607177734375},"size":11.872008323669434,"orthographic":false}