{"cameraMode":{"drawMode":0,"name":"Shaded","section":"Shading Mode"},"sceneLighting":false,"audioPlay":false,"sceneViewState":{"showFog":true,"showMaterialUpdate":false,"showSkybox":false,"showFlares":true,"showImageEffects":true,"showParticleSystems":true},"in2DMode":false,"pivot":{"x":-0.1182546615600586,"y":0.008014202117919922,"z":0.03214743733406067},"rotation":{"x":0.1587660163640976,"y":0.6337983012199402,"z":-0.13508908450603486,"w":0.7448807954788208},"size":1.0976145267486573,"orthographic":false}