{"cameraMode":{"drawMode":0,"name":"Shaded","section":"Shading Mode"},"sceneLighting":true,"audioPlay":false,"sceneViewState":{"showFog":true,"showMaterialUpdate":false,"showSkybox":true,"showFlares":true,"showImageEffects":true,"showParticleSystems":true},"in2DMode":false,"pivot":{"x":0.9236228466033936,"y":1.0843549966812134,"z":-0.6305063366889954},"rotation":{"x":-0.13888180255889893,"y":0.7663427591323853,"z":-0.17685697972774507,"w":-0.6017910242080689},"size":0.15000009536743165,"orthographic":false}